UNITID,expenses_norm,total_expenses_norm,attendance_norm,usnews_norm,clean_name,distance_lat_norm,distance_long_norm,conf,final_conf
110608,0.108982289757,0.098641644229,0.0417154811715,0.24,Cal St. Northridge,0.75089111001,0.714354233367,0,0
110565,0.0782954913938,0.0892754954398,0.0494979079498,0.27,Cal St. Fullerton,0.747059967598,0.706749539402,0,0
230603,0.0587811095813,0.0691523032411,0.0664016736402,0.24,Southern Utah,0.716226231571,0.786200717239,0,0
110556,0.171066288773,0.263674583994,0.268661087866,0.24,Fresno St.,0.758821389509,0.766643432003,14,0
110486,0.0897417782331,0.0837568030149,0.0562761506276,0.2,Cal St. Bakersfield,0.753963397673,0.737979034967,0,0
120883,0.13530699384,0.138644858251,0.105230125523,0.33,Pacific,0.768355424402,0.791954191718,0,0
110617,0.0758007810724,0.161698491751,0.0338493723849,0.21,Sacramento St.,0.769624036,0.805003684473,0,0
122755,0.0978879254455,0.177527885012,0.0692887029289,0.35,San Jose St.,0.772124897314,0.779117118251,0,0
141574,0.148758155031,0.27045785897,0.274142259414,0.34,Hawaii,1.0,0.444552462504,14,0
105330,0.0852437799874,0.107453704588,0.0619665271967,0.2,Northern Ariz.,0.707291217515,0.734457423652,0,0
110583,0.143700147834,0.133607277384,0.138158995816,0.34,Long Beach St.,0.748727894747,0.704587787122,0,0
213385,0.0960494144707,0.130021448129,0.0694142259414,0.57,Lafayette,0.476440933663,0.84907609608,2,1
217165,0.0950139531598,0.108049658765,0.035690376569,0.62,Bryant,0.452996983725,0.874002372711,2,1
152600,0.140991798592,0.0896468712135,0.132092050209,0.66,Valparaiso,0.551519985599,0.865280077856,2,1
190099,0.0963055696513,0.157821502035,0.0329707112971,0.64,Colgate,0.478557651327,0.893642622493,2,1
164988,0.110688492667,0.194386154286,0.0307112970711,0.64,Boston U.,0.450131591372,0.883869457289,2,1
129242,0.137009971015,0.120566261374,0.0700418410042,0.72,Fairfield,0.463896686035,0.858979675877,2,1
213543,0.0783927394073,0.206403774633,0.0484937238494,0.63,Lehigh,0.477504898813,0.847819734065,2,1
130226,0.133091970709,0.172352683622,0.0694560669456,0.6,Quinnipiac,0.461819339294,0.863531875465,2,1
153269,0.130732847069,0.100699087138,0.142761506276,0.68,Drake,0.593038603764,0.867826480151,2,1
163046,0.108345233303,0.11386203609,0.0353138075314,0.69,Loyola Maryland,0.485306106299,0.819850498971,2,1
192819,0.0986305322169,0.0928811660056,0.0556066945607,0.62,Marist,0.468329478235,0.870266276341,2,1
192703,0.110918260268,0.0874272267089,0.0666527196653,0.57,Manhattan,0.468187533862,0.853437013977,2,1
167358,0.154084162735,0.184014866932,0.0587866108787,0.64,Northeastern,0.450131591372,0.883869457289,2,1
166124,0.127103100662,0.173374746227,0.0611715481172,0.58,Holy Cross,0.454854138363,0.881882564894,2,1
131469,0.154158301786,0.189910338201,0.136610878661,0.6,George Washington,0.48798380419,0.811499478811,2,2
204024,0.123197686016,0.20612662094,0.0521757322176,0.53,Miami (OH),0.536830291886,0.824439172913,2,2
130943,0.123125080511,0.198679843745,0.100125523013,0.53,Delaware,0.479937660783,0.827934743042,2,2
191241,0.218225229572,0.197032164814,0.0884937238494,0.59,Fordham,0.468290677446,0.85188366142,2,2
215770,0.222527779934,0.137048762867,0.163974895397,0.6,St. Josephs,0.476140821437,0.833657648341,2,2
196088,0.108642265436,0.205819991854,0.14460251046,0.48,Buffalo,0.49968108602,0.894861946764,10,2
178800,0.255603368134,0.137255657322,0.325313807531,0.74,Butler,0.506122561817,0.852623477318,2,2
211291,0.114886233045,0.163698374892,0.118033472803,0.58,Bucknell,0.487088567042,0.85470865015,2,2
164924,0.3185860784,0.459255087353,0.166025104603,0.7,Boston College,0.450814897025,0.883190466756,1,2
232423,0.184217086333,0.267084939032,0.139874476987,0.6,James Madison,0.499621430994,0.802342579937,2,2
143358,0.165433677489,0.0875436793016,0.255062761506,0.65,Bradley,0.567522602996,0.849095814766,2,2
166629,0.214933550892,0.235370544029,0.201715481172,0.54,Massachusetts,0.459484988795,0.884122711993,2,2
159391,0.334490967198,0.796989707885,0.407112970711,0.4,LSU,0.577653441538,0.635241027554,5,3
134130,0.355301724785,0.831366296868,0.442510460251,0.62,Florida,0.521502776546,0.618727514568,5,3
240444,0.520054507538,0.834392396346,0.720627615063,0.63,Wisconsin,0.566248860191,0.898774593193,5,3
204796,0.483441555901,0.977987343072,0.605355648536,0.61,Ohio St.,0.525809189033,0.833859634461,5,3
228778,0.543162095041,1.0,0.477866108787,0.6,Texas,0.619184475954,0.631573977886,5,3
100751,0.453582291068,0.839128448523,0.474769874477,0.47,Alabama,0.554716442122,0.692980053766,5,3
207500,0.559623661293,0.86873330188,0.447531380753,0.45,Oklahoma,0.617306929522,0.734928168164,5,3
218663,0.374440281893,0.7850553618,0.468451882845,0.46,South Carolina,0.513407284871,0.709425125175,5,3
221759,0.369634199403,0.79754529681,0.624435146444,0.47,Tennessee,0.531624112854,0.750363726298,5,3
170976,0.471703577902,0.903137563085,0.510794979079,0.74,Michigan,0.530531767698,0.882267757433,5,3
134097,0.620295316675,0.794259837064,0.278953974895,0.5,Florida St.,0.533902970306,0.635166534739,6,4
233921,0.501240321998,0.541368217051,0.240083682008,0.54,Virginia Tech,0.509386794608,0.776775665096,6,4
123961,0.278512123374,0.683884983941,0.174728033473,0.77,Southern California,0.749063133565,0.710571521605,1,4
152080,0.360471416487,0.699006156364,0.343054393305,0.85,Notre Dame,0.546309974,0.870141766922,1,4
100858,0.466514690426,0.76127244901,0.304937238494,0.48,Auburn,0.54151163719,0.680398279905,6,4
214777,0.299209610029,0.787345085224,0.295815899582,0.62,Penn St.,0.493245482603,0.85130132375,6,4
135726,0.376422047283,0.551357734643,0.249581589958,0.63,Miami (FL),0.508451553056,0.537292219559,6,4
228875,0.595280473001,0.600580480401,0.200711297071,0.52,TCU,0.616564424951,0.683348570974,6,4
243744,0.302893453617,0.721467667424,0.194476987448,0.95,Stanford,0.773918475671,0.781055496417,1,4
139959,0.335185029284,0.751108242868,0.292928870293,0.6,Georgia,0.528154790177,0.708581749657,6,4
217882,0.338625144709,0.605155316287,0.332259414226,0.58,Clemson,0.524773800268,0.723698136334,6,4
110662,0.477649032713,0.63698932587,0.33359832636,0.75,UCLA,0.749063133565,0.710571521605,1,4
228723,0.491854434478,0.726356023081,0.294267782427,0.54,Texas A&M,0.610207525372,0.638938542071,6,4
223232,0.467346983239,0.584542949784,0.277071129707,0.55,Baylor,0.61542490437,0.658788185523,6,4
235316,0.384003108975,0.147410003987,0.255564853556,0.64,Gonzaga,0.743785972845,0.994432340231,7,5
216339,0.313102802837,0.327703572067,0.252510460251,0.44,Temple,0.476140821437,0.833657648341,7,5
234030,0.300174052263,0.194710911671,0.3210041841,0.35,VCU,0.490528470803,0.783336812795,7,5
207971,0.326499708203,0.260595355396,0.195774058577,0.51,Tulsa,0.608100753379,0.754312680148,7,5
228246,0.374743130927,0.36648976215,0.272008368201,0.6,SMU,0.61318172464,0.683959954582,7,5
202480,0.264428612132,0.159863135006,0.529623430962,0.45,Dayton,0.533356845239,0.829626898458,16,5
201885,0.392481454132,0.279282032769,0.380962343096,0.4,Cincinnati,0.535321356118,0.816011698502,7,5
233374,0.256451102176,0.177923532744,0.252928870293,0.6,Richmond,0.490528470803,0.783336812795,7,5
156125,0.365985310103,0.156194739878,0.451087866109,0.2,Wichita St.,0.616603637503,0.786389140241,16,5
195809,0.484774155106,0.231121624709,0.299079497908,0.35,St. Johns (NY),0.467699701834,0.849551639849,7,5
179159,0.339181451996,0.139161331263,0.309874476987,0.36,St. Louis,0.571397930796,0.806019353317,7,5
187985,0.197572585938,0.227576225106,0.597112970711,0.32,New Mexico,0.675600221602,0.732078244165,16,5
144740,0.294497126768,0.157537354618,0.252635983264,0.43,DePaul,0.555135775712,0.873968694447,7,5
186584,0.331276917711,0.147782236266,0.29280334728,0.44,Seton Hall,0.470412906406,0.850247740776,7,5
206622,0.301951168489,0.114690283662,0.420753138075,0.66,Xavier,0.535321356118,0.816011698502,7,5
221847,0.0635594295883,0.090467197717,0.0717991631799,0.2,Tennessee Tech,0.541626101101,0.754566936437,9,6
220075,0.0961661755439,0.0953157870323,0.116527196653,0.2,East Tenn. St.,0.521642776129,0.757867114208,9,6
162283,0.0390637707946,0.0253061407803,0.0393305439331,0.2,Coppin St.,0.485306106299,0.819850498971,9,6
199102,0.0716632720641,0.0726976642049,0.0705857740586,0.2,N.C. A&T,0.50548530399,0.752627702751,9,6
163453,0.0720975830669,0.0776398187317,0.0674476987448,0.2,Morgan St.,0.485306106299,0.819850498971,9,6
163338,0.060058553986,0.037919605826,0.0840167364017,0.2,Md.-East. Shore,0.479514114536,0.797298164378,9,6
199148,0.0796680685751,0.0763509191431,0.107866108787,0.24,UNC Greensboro,0.50548530399,0.752627702751,9,6
232937,0.0618801430662,0.0733601424808,0.0790794979079,0.2,Norfolk St.,0.483252388447,0.768858184773,9,6
221838,0.069408799766,0.082024420166,0.0753974895397,0.2,Tennessee St.,0.549725558376,0.754689067094,9,6
149231,0.0542359944352,0.0565686098227,0.0697907949791,0.43,SIU Edwardsville,0.569860412308,0.809892812768,10,7
218964,0.0689140987515,0.0698088890145,0.0594560669456,0.47,Winthrop,0.513289647213,0.728736396323,10,7
198136,0.0836292725933,0.115952187217,0.0649790794979,0.45,Campbell,0.498796535719,0.738815149001,10,7
131520,0.0889640585303,0.0811020149119,0.0503765690377,0.43,Howard,0.48798380419,0.811499478811,10,7
144892,0.0550181032544,0.0699347631713,0.051129707113,0.47,Eastern Ill.,0.558581317465,0.824136235465,10,7
234085,0.0699157691541,0.0874396814628,0.076359832636,0.45,VMI,0.503247622886,0.788444578545,10,7
232265,0.0610261690755,0.0886226898838,0.161422594142,0.52,Hampton,0.483632794551,0.772634365372,10,7
164076,0.106624964067,0.14156088707,0.0917573221757,0.45,Towson,0.48528140049,0.822132232676,10,7
218070,0.115262533677,0.173272731875,0.0532635983264,0.5,Furman,0.521990114458,0.727155667135,10,7
232566,0.0775576967863,0.0644334777782,0.0520083682008,0.44,Longwood,0.496603230048,0.778355747428,10,7
149772,0.0654769975398,0.0787678369028,0.0543933054393,0.45,Western Ill.,0.574375075757,0.844249712853,10,7
215062,0.0818027127066,0.269410642142,0.148368200837,0.92,Penn,0.476140821437,0.833657648341,11,8
186131,0.0591163217385,0.171568748957,0.0922594142259,1.0,Princeton,0.472952283442,0.841953581378,11,8
190150,0.0790064753745,0.188119732276,0.064309623431,0.95,Columbia,0.468822010701,0.849563429328,11,8
217156,0.0552229639418,0.135299494617,0.0411715481172,0.87,Brown,0.452382322211,0.87271097612,11,8
190415,0.0419237296364,0.17103016779,0.0724686192469,0.85,Cornell,0.484585140125,0.885577575451,11,8
182670,0.073327381762,0.177075263543,0.0358577405858,0.9,Dartmouth,0.457941160824,0.911868531241,11,8
130794,0.0650314229008,0.269428583685,0.0553974895397,0.97,Yale,0.461966813967,0.861928401972,11,8
166027,0.0685435092583,0.160965870156,0.0787029288703,0.98,Harvard,0.450131591372,0.883869457289,11,8
147767,0.358089448289,0.50170932481,0.286569037657,0.89,Northwestern,0.555478996407,0.877568241522,1,9
239105,0.597991519169,0.208664254502,0.589832635983,0.51,Marquette,0.556874272786,0.898124815529,12,9
221999,0.432626322473,0.458865209766,0.411882845188,0.85,Vanderbilt,0.549725558376,0.754689067094,12,9
216597,0.499576529586,0.254478957143,0.372384937238,0.62,Villanova,0.477322747321,0.835316125493,12,9
217402,0.418142132493,0.198033767877,0.371882845188,0.75,Providence,0.452382322211,0.87271097612,12,9
139755,0.334721845299,0.400903998751,0.259623430962,0.67,Georgia Tech,0.534602714824,0.704203637899,12,9
131496,0.599871964714,0.243076307978,0.379079497908,0.78,Georgetown,0.48798380419,0.811499478811,12,9
243780,0.383053050351,0.449401445072,0.528912133891,0.59,Purdue,0.550582716903,0.843647301769,3,9
129020,0.503231130025,0.510476982105,0.435606694561,0.59,Connecticut,0.457715058331,0.87253284022,12,9
198419,0.946073094547,0.592288821389,0.389707112971,0.92,Duke,0.499792262158,0.75108945742,23,9
199847,0.404383997556,0.399620959465,0.393389121339,0.74,Wake Forest,0.508313105505,0.753266859451,12,9
181002,0.384158684644,0.142711889221,0.709707112971,0.75,Creighton,0.607765862976,0.860959056391,12,9
215293,0.465305039361,0.484750850795,0.419748953975,0.57,Pittsburgh,0.506769720971,0.843799834676,12,9
110635,0.45787622184,0.542242851176,0.36309623431,0.78,California,0.774562188682,0.790205697198,1,9
229027,0.0947310402333,0.166307426872,0.0423849372385,0.2,UTSA,0.623945950431,0.613981258067,13,10
228459,0.0964572321322,0.196714343194,0.0860669456067,0.2,Texas St.,0.620374123987,0.623592479648,13,10
133669,0.137429686884,0.171888483225,0.051129707113,0.2,Fla. Atlantic,0.507349642318,0.549838145058,13,10
188030,0.15880378492,0.161685927518,0.235230125523,0.24,New Mexico St.,0.676418744046,0.674126590002,14,10
227216,0.128684240195,0.172388573148,0.0981589958159,0.2,North Texas,0.615307564449,0.693107964398,13,10
104717,0.227707413249,0.140684469095,0.217447698745,0.2,Grand Canyon,0.709980159715,0.697942589827,14,10
139940,0.119581424244,0.177745096177,0.0805857740586,0.2,Georgia St.,0.534602714824,0.704203637899,13,10
133951,0.093774635899,0.171401234449,0.0538912133891,0.2,FIU,0.508289825032,0.536869613682,13,10
433660,0.0911144082953,0.0970003794321,0.170669456067,0.32,Fla. Gulf Coast,0.518620495556,0.555896789683,13,10
176372,0.0956185407277,0.149182462292,0.149581589958,0.24,Southern Miss.,0.56564087558,0.653687117866,13,10
228431,0.115709218816,0.100001820558,0.139037656904,0.22,Stephen F. Austin,0.599626572336,0.659451025513,13,10
102094,0.0928044296444,0.15747254997,0.0862343096234,0.2,South Ala.,0.557801659158,0.640312590214,13,10
160658,0.123354477946,0.148813849233,0.156108786611,0.2,La.-Lafayette,0.582911724486,0.630587417579,13,10
159647,0.129196497675,0.139528134713,0.171338912134,0.27,Louisiana Tech,0.586856640314,0.678792323317,13,10
227526,0.0481553231098,0.0630686518462,0.0501255230126,0.2,Prairie View,0.608073418619,0.627818141963,13,11
224147,0.0888612051393,0.0664178343369,0.0597907949791,0.2,A&M-Corpus Christi,0.617034310426,0.580009195794,13,11
229063,0.0740625323235,0.0692971557638,0.100167364017,0.2,Texas Southern,0.604150674671,0.620991511888,13,11
227881,0.0575057804135,0.103195582661,0.0456485355649,0.2,Sam Houston St.,0.605306114661,0.641092678139,13,11
160612,0.051767195765,0.0869015317692,0.0280753138075,0.2,Southeastern La.,0.573038206443,0.636510326697,13,11
159966,0.0368985614909,0.0632419107388,0.0314644351464,0.26,Nicholls St.,0.575344620374,0.621723294248,13,11
160621,0.0467058570696,0.0544027513079,0.0618828451883,0.2,Southern U.,0.577653441538,0.635241027554,13,11
226091,0.0728652025138,0.114219179699,0.0853138075314,0.2,Lamar,0.596116852495,0.627787677115,13,11
225399,0.0673174122277,0.0986220411934,0.0309205020921,0.22,Houston Baptist,0.604150674671,0.620991511888,13,11
225627,0.0624252924791,0.115823473068,0.0354393305439,0.3,Incarnate Word,0.623945950431,0.613981258067,13,11
159717,0.0433304150116,0.07271910905,0.0370711297071,0.27,McNeese St.,0.590532877305,0.630664789949,13,11
227368,0.0742728397456,0.0686828478906,0.0468619246862,0.2,Tex.-Pan American,0.621830626428,0.548808808765,13,11
132602,0.0636472119169,0.114817825751,0.0385774058577,0.2,Bethune-Cookman,0.513370257832,0.609371571726,13,11
159939,0.050448504242,0.0330871548836,0.0300418410042,0.2,New Orleans,0.570626571107,0.625023931078,13,11
133650,0.0564859718551,0.0750168308224,0.0587029288703,0.2,Florida A&M,0.533902970306,0.635166534739,13,12
159993,0.0612312412865,0.0840461989453,0.0843514644351,0.2,La.-Monroe,0.58355784473,0.678357239371,13,12
140960,0.0398066948515,0.0423919508081,0.0768619246862,0.2,Savannah St.,0.51369532926,0.669408294389,13,12
106245,0.120745386193,0.0681788038726,0.116987447699,0.2,UALR,0.584542561248,0.725077067199,13,12
486840,0.0758925823509,0.126731132705,0.0530543933054,0.2,Kennesaw St.,0.536032199245,0.709943757925,13,12
175856,0.0327502647748,0.0451287895931,0.0421757322176,0.2,Jackson St.,0.571277410794,0.673955277393,13,12
218733,0.0426222866006,0.0502911820349,0.0226359832636,0.2,South Carolina St.,0.512263659325,0.698799987522,13,12
160038,0.0541409145396,0.074427496856,0.0761087866109,0.2,Northwestern St.,0.589689541361,0.662734718879,13,12
228769,0.0819471305014,0.0737854394821,0.0949790794979,0.2,Texas-Arlington,0.615160184798,0.683071987707,13,12
100724,0.0454705587588,0.103034965279,0.0823430962343,0.2,Alabama St.,0.546699185508,0.675654423032,13,12
176044,0.0267469053556,0.0276179401598,0.0524686192469,0.2,Mississippi Val.,0.572160485081,0.698930923772,13,12
159009,0.0358768492194,0.0537169026588,0.0382008368201,0.2,Grambling,0.587341710359,0.678740261812,13,12
139931,0.072011387166,0.10755150081,0.0696652719665,0.2,Ga. Southern,0.5180829225,0.677089922531,13,12
122612,0.222396317965,0.12772292137,0.0753556485356,0.46,San Francisco,0.775506742424,0.788270135987,15,13
122436,0.132916406052,0.151447314849,0.0871966527197,0.51,San Diego,0.742198719664,0.682656643314,15,13
110422,0.110810488952,0.128568453617,0.0963179916318,0.54,Cal Poly,0.764375667049,0.736279472002,15,13
122931,0.176917774187,0.139385278557,0.0732217573222,0.71,Santa Clara,0.772558629956,0.779472555397,15,13
127060,0.177738644721,0.220171635653,0.0942259414226,0.51,Denver,0.665107347942,0.829228351465,15,13
110705,0.129722821481,0.115876788945,0.112970711297,0.65,UC Santa Barbara,0.758271115133,0.718203696534,15,13
123554,0.156333981512,0.102631589675,0.11230125523,0.54,St. Marys (CA),0.773654693653,0.789863280645,15,13
110653,0.149412503546,0.118603124264,0.107112970711,0.48,UC Irvine,0.746402691732,0.702921860689,15,13
121150,0.135431845694,0.120645716779,0.0594979079498,0.62,Pepperdine,0.751877410234,0.710210221019,15,13
110644,0.0985056803628,0.173898824754,0.0893723849372,0.63,UC Davis,0.771230306319,0.804328324683,15,13
236595,0.180520392681,0.0990989539404,0.0826778242678,0.56,Seattle,0.774935309741,0.993311818056,15,13
209825,0.188814447829,0.111950579124,0.0869874476987,0.57,Portland,0.777128362019,0.949664349356,15,13
117946,0.186853041594,0.147087416846,0.0874476987448,0.69,Loyola Marymount,0.749063133565,0.710571521605,15,13
110671,0.0888674450879,0.0784107061734,0.0351046025105,0.44,UC Riverside,0.743542715653,0.709072066791,15,13
199111,0.0494208693073,0.0412445163583,0.0694979079498,0.3,UNC Asheville,0.52295953238,0.742809382798,17,14
175342,0.0332982168765,0.041414626143,0.0490794979079,0.3,Alcorn St.,0.577295568397,0.665274882139,17,14
100654,0.0432496129645,0.0648990369931,0.0580753138075,0.26,Alabama A&M,0.548418798475,0.725960255684,17,14
198561,0.0796215333648,0.0863104525917,0.0550627615063,0.24,Gardner-Webb,0.517343933755,0.735541012416,17,14
106412,0.0268614983111,0.0461310173261,0.119372384937,0.26,Ark.-Pine Bluff,0.582825222482,0.714119737497,17,14
106704,0.0579342216341,0.0772623958981,0.0433891213389,0.33,Central Ark.,0.585592520105,0.732216754895,17,14
101480,0.0587814797478,0.0839046307683,0.0594142259414,0.27,Jacksonville St.,0.54328189073,0.705578875423,17,14
217688,0.0771422642722,0.0858928899024,0.03410041841,0.27,Charleston So.,0.506352541221,0.684022449255,17,14
157386,0.0790948393932,0.0625958413113,0.113430962343,0.33,Morehead St.,0.528564203435,0.796635866913,17,15
156620,0.100371795178,0.111544402167,0.108577405858,0.33,Eastern Ky.,0.53401018718,0.787679305719,17,15
219602,0.0689649173164,0.0783720346134,0.102259414226,0.33,Austin Peay,0.553408649645,0.76226296235,17,15
233277,0.0701972014148,0.0799247057965,0.0764016736402,0.39,Radford,0.510523135108,0.774572743538,17,15
207582,0.144972145504,0.0795830694507,0.153556485356,0.3,Oral Roberts,0.608100753379,0.754312680148,17,15
106458,0.0734962305422,0.109919204904,0.0815062761506,0.36,Arkansas St.,0.583630701526,0.725144778455,17,15
219976,0.0928912072355,0.0932001210468,0.0713807531381,0.32,Lipscomb,0.549725558376,0.754689067094,17,15
157447,0.085841281512,0.0701849079514,0.0858577405858,0.32,Northern Ky.,0.535002049378,0.814539453388,17,15
179557,0.0630768383047,0.0786922261142,0.0799163179916,0.37,Southeast Mo. St.,0.567248716936,0.77837093812,17,15
221768,0.0708670969199,0.0669614965792,0.0800418410042,0.39,UT Martin,0.562852356301,0.758337566591,17,15
199157,0.0926898366889,0.0775823620026,0.0742259414226,0.33,N.C. Central,0.499792262158,0.75108945742,17,15
221740,0.0948492290914,0.106073036519,0.148619246862,0.36,Chattanooga,0.540420330945,0.731290748691,17,15
136172,0.081358248567,0.0753775743321,0.100251046025,0.39,North Florida,0.51727767151,0.632906606355,17,16
102368,0.0716895010008,0.139353581402,0.0675313807531,0.34,Troy,0.544618474976,0.663751326708,17,16
222178,0.0586529791101,0.0830373960811,0.0496652719665,0.45,Abilene Christian,0.631844239075,0.677095347778,17,16
218973,0.0796507236331,0.116760805995,0.0669037656904,0.44,Wofford,0.519042869861,0.729241987614,17,16
134945,0.0874277091372,0.0911980032621,0.0329707112971,0.36,Jacksonville,0.51727767151,0.632906606355,17,16
200004,0.0572368280501,0.0777270792875,0.0639748953975,0.42,Western Caro.,0.526980085991,0.73674312196,17,16
218742,0.0522208083039,0.0488046807567,0.0263179916318,0.41,S.C. Upstate,0.519042869861,0.729241987614,17,16
218539,0.0643008200985,0.0822655362155,0.0269456066946,0.36,Presbyterian,0.518699997581,0.719299387771,17,16
140447,0.0996053391116,0.111036822647,0.124351464435,0.4,Mercer,0.529765887631,0.685243860159,17,16
218724,0.0995738220828,0.145933581142,0.09,0.36,Coastal Caro.,0.500771752448,0.706004193925,17,16
199139,0.173476230978,0.194742215993,0.197405857741,0.27,Charlotte,0.512092904179,0.73496844019,19,17
228796,0.191628664674,0.177868478095,0.333765690377,0.2,UTEP,0.674579396595,0.66269736814,14,17
232557,0.196736644342,0.29100939424,0.0945606694561,0.2,Liberty,0.501355854777,0.780693465509,19,17
132903,0.167435907795,0.336918750434,0.193849372385,0.32,UCF,0.51551133289,0.595488364567,19,17
232982,0.189478526433,0.253935050184,0.27640167364,0.26,Old Dominion,0.483252388447,0.768858184773,19,17
220978,0.144181205571,0.196533581826,0.190878661088,0.2,Middle Tenn.,0.547292821745,0.747941249165,19,17
137351,0.249123392975,0.311724277406,0.152092050209,0.36,South Fla.,0.522364850897,0.583141649966,19,17
198464,0.16858241904,0.277207382465,0.189330543933,0.26,East Carolina,0.490190064573,0.742991754563,19,17
182281,0.28483054732,0.24747673867,0.507991631799,0.2,UNLV,0.7293913235,0.75477528679,16,17
225511,0.318508396327,0.327705420316,0.141171548117,0.29,Houston,0.604150674671,0.620991511888,19,17
100663,0.221561857034,0.198241048727,0.174435146444,0.36,UAB,0.549935488066,0.699445696251,19,17
142285,0.0963221213795,0.12923469923,0.0556066945607,0.33,Idaho,0.741177704612,0.975132962893,20,18
230782,0.0951793117992,0.0844667111058,0.285188284519,0.22,Weber St.,0.70931300786,0.860159667107,20,18
142276,0.0682613895456,0.0815741106187,0.0720920502092,0.2,Idaho St.,0.712354482946,0.894638259656,20,18
200280,0.0835046851438,0.157810592856,0.0751464435146,0.27,North Dakota,0.61468073374,1.0,20,18
235097,0.0827542519962,0.0944505680318,0.0680753138075,0.26,Eastern Wash.,0.744815349863,0.99092157941,20,18
230728,0.177854189533,0.217186043105,0.388577405858,0.24,Utah St.,0.708453942551,0.870881207226,16,18
230737,0.0590329814073,0.0716401177875,0.0932635983264,0.2,Utah Valley,0.707570678219,0.84087280957,20,18
219356,0.0763072216512,0.0925459953127,0.117656903766,0.27,South Dakota St.,0.613201647657,0.92460721994,20,18
182290,0.121041360706,0.193817859451,0.258242677824,0.28,Nevada,0.758996895772,0.824791647039,14,18
142115,0.132384582631,0.202891991273,0.262970711297,0.2,Boise St.,0.736064647474,0.909917841937,20,18
180489,0.0887529050134,0.113735286107,0.157782426778,0.25,Montana,0.72214593336,0.97806311795,20,18
180461,0.0888201166638,0.121778429632,0.0896234309623,0.2,Montana St.,0.70337550522,0.953160086416,20,18
127741,0.0788309635983,0.0988456536126,0.0537238493724,0.2,Northern Colo.,0.663220837735,0.843485483343,20,18
219471,0.061159481877,0.0823864774139,0.0755230125523,0.27,South Dakota,0.614021880503,0.892801291877,20,18
200332,0.0749560612429,0.151449923006,0.119916317992,0.3,North Dakota St.,0.613095317658,0.978128429578,20,18
209807,0.0679087266845,0.0935664028648,0.031589958159,0.2,Portland St.,0.777128362019,0.949664349356,20,18
198695,0.092423211086,0.081722427804,0.0605857740586,0.75,High Point,0.50681803033,0.750242576358,22,19
198516,0.111048453096,0.158304088328,0.053640167364,0.75,Elon,0.503647128481,0.753337178999,22,19
227757,0.181257817122,0.236913297776,0.0797489539749,0.85,Rice,0.604150674671,0.620991511888,22,19
198385,0.148033263368,0.0937620919061,0.17690376569,0.66,Davidson,0.512165615274,0.740710250389,22,19
102049,0.0963013391776,0.118661740174,0.0521757322176,0.66,Samford,0.549935488066,0.699445696251,22,19
219709,0.156053712632,0.0882983253321,0.100962343096,0.63,Belmont,0.549725558376,0.754689067094,22,19
217864,0.0807553531885,0.105520912256,0.0638912133891,0.67,Citadel,0.506352541221,0.684022449255,22,19
231624,0.102554296543,0.170303979649,0.122928870293,0.68,William & Mary,0.48594250259,0.777805335251,22,19
217819,0.115326731115,0.110364111381,0.123723849372,0.56,Col. of Charleston,0.506352541221,0.684022449255,22,19
199218,0.119390206834,0.0917606889496,0.159372384937,0.54,UNC Wilmington,0.493774041207,0.714358344035,22,19
160755,0.210856273253,0.342223734996,0.074309623431,0.64,Tulane,0.570626571107,0.625023931078,22,19
197869,0.08399891023,0.14426662761,0.055230125523,0.58,Appalachian St.,0.517472441969,0.755786239842,22,19
150534,0.153337061086,0.0760437491068,0.19410041841,0.61,Evansville,0.554703208678,0.79243893754,2,19
137546,0.0858738032783,0.112004094639,0.0355648535565,0.65,Stetson,0.515055574069,0.605700035796,22,19
155317,0.615360469143,0.600587287368,0.686987447699,0.44,Kansas,0.603306559543,0.813225020363,3,20
199120,0.458324810692,0.585834000297,0.780083682008,0.71,North Carolina,0.500810185817,0.749409634008,3,20
157085,1.0,0.795494673748,0.974853556485,0.41,Kentucky,0.535294540813,0.79393471988,8,20
171100,0.551683220863,0.642524394944,0.619121338912,0.52,Michigan St.,0.535189762845,0.891774981202,3,20
151351,0.641418018814,0.56924904654,0.707866108787,0.51,Indiana,0.548179095118,0.817263177795,3,20
106397,0.460209169425,0.695324527256,0.619539748954,0.4,Arkansas,0.596473693059,0.752506907539,3,20
104179,0.62193282727,0.481774113101,0.606569037657,0.43,Arizona,0.702973719088,0.67234571093,3,20
157289,0.946570122322,0.704481379509,0.886025104603,0.33,Louisville,0.543314964839,0.798238714417,8,20
196413,0.733813731821,0.477425484911,1.0,0.59,Syracuse,0.482380210054,0.898295502147,8,20
153658,0.38172298943,0.660406034121,0.598493723849,0.52,Iowa,0.579804367245,0.869246121235,3,21
174066,0.431325398939,0.693611805401,0.476276150628,0.55,Minnesota,0.59081679139,0.938547600857,3,21
163286,0.403095765444,0.564829431405,0.601338912134,0.59,Maryland,0.487383959826,0.813384856487,3,21
230038,0.321611554524,0.350521357349,0.65129707113,0.57,BYU,0.707400208139,0.83953141724,3,21
145637,0.388246961515,0.5048579497,0.594435146444,0.63,Illinois,0.55900692253,0.837036325263,3,21
181464,0.387584680863,0.654099903728,0.647364016736,0.45,Nebraska,0.612626382406,0.851630657111,3,21
199193,0.460827347389,0.501588261254,0.625313807531,0.5,North Carolina St.,0.498187366496,0.746712430712,3,21
153603,0.364109095032,0.504110393992,0.596317991632,0.45,Iowa St.,0.593067363859,0.876914916581,3,21
234076,0.45712621174,0.645058286928,0.550209205021,0.75,Virginia,0.497141233872,0.793591155679,3,21
237525,0.123401013156,0.180011629546,0.213305439331,0.39,Marshall,0.522276796861,0.801680929328,4,22
195474,0.163038647704,0.0849395924796,0.25410041841,0.36,Siena,0.467227827224,0.891107049827,4,22
150136,0.10077675727,0.175334534592,0.120418410042,0.32,Ball St.,0.540878148583,0.838684035386,4,22
157401,0.117327533636,0.0840417876183,0.158117154812,0.43,Murray St.,0.559377763052,0.763921314304,4,22
145600,0.118009538872,0.104649349961,0.126778242678,0.37,Ill.-Chicago,0.555135775712,0.873968694447,4,22
240277,0.0939565462667,0.0592377073688,0.14769874477,0.39,Green Bay,0.557528754996,0.928818880945,4,22
145813,0.129714836462,0.149224843231,0.216527196653,0.37,Illinois St.,0.563762093858,0.845312393549,4,22
203517,0.113833796958,0.176907607358,0.134937238494,0.3,Kent St.,0.515389894339,0.858669080484,4,22
232186,0.17676404935,0.129354796803,0.185481171548,0.39,George Mason,0.489733311185,0.810481285141,4,22
172699,0.115482306784,0.204788456166,0.108158995816,0.29,Western Mich.,0.542267881991,0.882488105928,9,23
157951,0.145901527687,0.184229785495,0.181464435146,0.44,Western Ky.,0.547617449735,0.771942229048,4,23
179566,0.120564110396,0.109258504039,0.204435146444,0.42,Missouri St.,0.590985519393,0.776414927901,4,23
149222,0.11852798342,0.15149315401,0.214728033473,0.25,Southern Ill.,0.565166270662,0.787230470858,4,23
204857,0.163991667659,0.200724175031,0.262426778243,0.38,Ohio,0.520117072085,0.820641687786,4,23
217484,0.226665024538,0.16044595824,0.20309623431,0.36,Rhode Island,0.453077556335,0.865535356596,4,23
212106,0.223682170436,0.123529133978,0.0976569037657,0.43,Duquesne,0.506769720971,0.843799834676,4,23
240727,0.195802132709,0.228298607271,0.236276150628,0.33,Wyoming,0.668895983693,0.862005148351,4,23
126818,0.225530094215,0.245682339648,0.179832635983,0.42,Colorado St.,0.665639473051,0.8467865375,4,23
206695,0.0712380565796,0.0961388054112,0.0889539748954,0.2,Youngstown St.,0.5109084507,0.85756671202,9,24
178402,0.096019166584,0.0946897907526,0.0669874476987,0.26,UMKC,0.599166930269,0.815935452915,9,24
144005,0.0360504044016,0.0351170608084,0.0349372384937,0.2,Chicago St.,0.555135775712,0.873968694447,9,24
169798,0.107441286842,0.180690432952,0.0416317991632,0.2,Eastern Mich.,0.52967409605,0.881412342041,9,24
151102,0.0671167820141,0.0682038357383,0.0468619246862,0.2,IPFW,0.539336126036,0.857194456608,9,24
151111,0.0827310901529,0.0601347587625,0.0446025104603,0.28,IUPUI,0.545744749442,0.829789655869,9,24
181394,0.0681360617632,0.135136533114,0.0685774058577,0.2,Neb.-Omaha,0.607765862976,0.860959056391,9,24
147703,0.0994548928918,0.175999897941,0.052050209205,0.25,Northern Ill.,0.562211107536,0.874910913792,9,24
206604,0.129316431604,0.0790797145012,0.181046025105,0.2,Wright St.,0.533356845239,0.829626898458,9,25
201441,0.126357373917,0.152753325234,0.0843514644351,0.29,Bowling Green,0.529910574982,0.863354198625,9,25
169248,0.0870561149064,0.190742726625,0.0962761506276,0.27,Central Mich.,0.536991196383,0.909714395173,9,25
202134,0.114881843928,0.0775901156343,0.085690376569,0.2,Cleveland St.,0.517494417469,0.8660442865,9,25
151324,0.0969294058744,0.0928742173606,0.195774058577,0.2,Indiana St.,0.553747309268,0.823521095917,9,25
240453,0.152150942031,0.0819184002006,0.120627615063,0.2,Milwaukee,0.556874272786,0.898124815529,9,25
171571,0.111675673698,0.0902344213295,0.104769874477,0.2,Oakland,0.526658283331,0.890643170339,9,25
206084,0.123743840166,0.190273458031,0.202343096234,0.2,Toledo,0.52918739162,0.869162342901,9,25
200800,0.163344933997,0.215357802443,0.141882845188,0.2,Akron,0.516377113112,0.857276565635,9,25
196060,0.085733034267,0.130760657735,0.128410041841,0.38,Albany (NY),0.467226458902,0.889979328765,10,26
183044,0.0811508495955,0.186169861346,0.0298326359833,0.46,New Hampshire,0.449296091603,0.900053595181,10,26
166513,0.0796403589726,0.111002588174,0.04,0.37,Mass.-Lowell,0.451754224538,0.889863416276,10,26
184603,0.0896377085809,0.082852751457,0.0312133891213,0.42,Fairleigh Dickinson,0.468900055717,0.853159220463,10,26
130253,0.0757009418938,0.151488684724,0.0226778242678,0.46,Sacred Heart,0.463896686035,0.858979675877,10,26
191649,0.134608331114,0.136351174292,0.069539748954,0.41,Hofstra,0.466387348285,0.849466609535,10,26
191931,0.122058472338,0.0759371624308,0.0937238493724,0.41,Iona,0.467426322559,0.853844262233,10,26
185828,0.0964043512114,0.0768599025594,0.0355230125523,0.4,NJIT,0.469880306185,0.849926920879,10,26
128771,0.0799382900806,0.0886808356815,0.0561506276151,0.34,Central Conn. St.,0.461062929787,0.869452593618,10,27
130934,0.0804832279699,0.0875087750793,0.0471548117155,0.31,Delaware St.,0.478435801012,0.817084666301,9,27
163268,0.0785483150764,0.0809794701801,0.0417573221757,0.36,UMBC,0.485306106299,0.819850498971,10,27
161253,0.0702464335521,0.121181374234,0.0577405857741,0.31,Maine,0.435037552259,0.936603943508,9,27
129525,0.119400042685,0.100530574447,0.0690376569038,0.3,Hartford,0.460823061724,0.871352473396,9,27
192439,0.0954789350967,0.0986586069082,0.0654811715481,0.33,Long Island,0.468715839073,0.849102387662,9,27
195173,0.0745990092654,0.042361142358,0.0293305439331,0.33,St. Francis (NY),0.468739715019,0.849158038176,9,27
186432,0.073394857817,0.043337996911,0.0180334728033,0.37,St. Peters,0.46905076115,0.849622898382,10,27
215655,0.10379451278,0.113259564741,0.0574476987448,0.3,Robert Morris,0.508098925149,0.845195688139,9,27
154095,0.153338753275,0.103831541456,0.212552301255,0.54,UNI,0.585626196022,0.887406509691,2,28
196097,0.128795395891,0.15357474008,0.110292887029,0.49,Stony Brook,0.463262944035,0.853832952679,10,28
231174,0.0835255202266,0.115193432535,0.0930962343096,0.5,Vermont,0.463792858291,0.928049434851,10,28
195164,0.154257400632,0.0689096866964,0.165355648536,0.5,St. Bonaventure,0.497160219335,0.87808660301,10,28
146719,0.145187370852,0.0913751325306,0.0767782426778,0.48,Loyola (IL),0.555135775712,0.873968694447,10,28
196079,0.084114455042,0.0923183386404,0.109874476987,0.51,Binghamton,0.480884444383,0.878445295304,10,28
213367,0.155816541702,0.088133683017,0.106527196653,0.48,La Salle,0.476140821437,0.833657648341,10,28
169716,0.130496099186,0.0886289816597,0.0994560669456,0.53,Detroit,0.526093875966,0.883307109567,10,28
193973,0.0858237779272,0.0672389851467,0.0522594142259,0.46,Niagara,0.500650117517,0.900153857919,10,29
131159,0.102305491811,0.0879040299778,0.0560251046025,0.54,American,0.48798380419,0.811499478811,10,29
189705,0.107216384286,0.0786460585183,0.0643933054393,0.51,Canisius,0.49968108602,0.894861946764,10,29
212054,0.138464037695,0.135216787066,0.0633472803347,0.49,Drexel,0.476140821437,0.833657648341,10,29
197197,0.0844743625892,0.085856961737,0.0653556485356,0.48,Wagner,0.469253785883,0.848058757929,10,29
215743,0.0808574662466,0.0923704760175,0.0447280334728,0.5,St. Francis (PA),0.498151644431,0.845271370335,10,29
163462,0.0892523124298,0.0528250740187,0.0674058577406,0.5,Mt. St. Marys,0.489842156109,0.828484362299,10,29
185572,0.108640731889,0.136692237487,0.0992468619247,0.48,Monmouth,0.468878460307,0.840718544757,10,29
186283,0.0938588752059,0.0838191283034,0.0609623430962,0.51,Rider,0.473394314702,0.84088055098,10,29
209542,0.290748504052,0.5001716135,0.220543933054,0.39,Oregon St.,0.780852635971,0.929909042604,18,30
209551,0.411726037487,0.585235373564,0.299288702929,0.47,Oregon,0.779744105343,0.919160376249,18,30
104151,0.327808828279,0.557502790422,0.25769874477,0.42,Arizona St.,0.709103705318,0.697467880712,21,30
178396,0.315343949143,0.553871115567,0.323765690377,0.45,Missouri,0.584920515776,0.812789101764,21,30
186380,0.325063726798,0.507759153885,0.207071129707,0.56,Rutgers,0.471588332762,0.844977426277,21,30
236939,0.270652643634,0.459072471296,0.123389121339,0.39,Washington St.,0.742323990783,0.975087056957,18,30
236948,0.341292564118,0.602117856837,0.275648535565,0.61,Washington,0.774935309741,0.993311818056,18,30
126614,0.324586159202,0.481274647847,0.380878661088,0.5,Colorado,0.666925315367,0.834981825944,21,30
238032,0.492993859679,0.588685804059,0.409581589958,0.31,West Virginia,0.506518798643,0.826940670855,21,31
220862,0.593663374442,0.321024455927,0.586652719665,0.2,Memphis,0.570446092008,0.733446783595,16,31
176017,0.376910296825,0.547121057561,0.31410041841,0.4,Mississippi,0.5671579706,0.717175299226,21,31
207388,0.395478480321,0.553870091624,0.336820083682,0.37,Oklahoma St.,0.614849366721,0.753613762266,21,31
122409,0.303256904186,0.300634252867,0.516569037657,0.38,San Diego St.,0.742198719664,0.682656643314,16,31
155399,0.358117898225,0.455414064443,0.510125523013,0.4,Kansas St.,0.611702100096,0.817518164405,3,31
229115,0.388590423096,0.433299953434,0.314686192469,0.32,Texas Tech,0.64517007713,0.700785627936,21,31
176080,0.323188569345,0.477500644907,0.275062761506,0.32,Mississippi St.,0.569334241933,0.679930978338,21,31
230764,0.425874698024,0.420707598359,0.493849372385,0.45,Utah,0.708792095388,0.850501475406,3,31
